name,type,size,compression_settings,texture_group,mip_gen_settings,srgb
livery*_d,diffuse,4096x4096,TC_DEFAULT,LiveryDetail,TMGS_FROM_TEXTURE_GROUP,TRUE
livery*_l,colormask,4096x4096,TC_MASKS,Livery,TMGS_FROM_TEXTURE_GROUP,FALSE
livery*_n,normal,4096x4096,TC_NORMALMAP,Livery,TMGS_FROM_TEXTURE_GROUP,FALSE
livery*_custom_mask,colormask,4096x4096,TC_ALPHA,VehicleMask,TMGS_FROM_TEXTURE_GROUP,FALSE
livery*_clearcoat_mask,colormask,4096x4096,TC_MASKS,VehicleMask,TMGS_FROM_TEXTURE_GROUP,FALSE
cockpit*_d,diffuse,4096x4096,TC_DEFAULT,Vehicle,TMGS_FROM_TEXTURE_GROUP,TRUE
cockpit*_l,colormask,4096x4096,TC_MASKS,VehicleSpecular,TMGS_FROM_TEXTURE_GROUP,FALSE
cockpit*_n,normal,4096x4096,TC_NORMALMAP,VehicleNormalMap,TMGS_FROM_TEXTURE_GROUP,FALSE
cockpit*_clearcoat_mask,colormask,4096x4096,TC_MASKS,VehicleMask,TMGS_FROM_TEXTURE_GROUP,FALSE
cockpit*_rain_m,,,TC_ALPHA,MinorPart,TMGS_FROM_TEXTURE_GROUP,FALSE
mechanics*_d,diffuse,4096x4096,TC_DEFAULT,Mechanics,TMGS_FROM_TEXTURE_GROUP,TRUE
mechanics*_l,colormask,4096x4096,TC_MASKS,Mechanics,TMGS_FROM_TEXTURE_GROUP,FALSE
mechanics*_n,normal,4096x4096,TC_NORMALMAP,MechanicsDetail,TMGS_FROM_TEXTURE_GROUP,FALSE
mechanics*_clearcoat_mask,colormask,4096x4096,TC_MASKS,VehicleMask,TMGS_FROM_TEXTURE_GROUP,FALSE
gauge*_d,diffuse,4096x4096,TC_DEFAULT,MinorPart,TMGS_FROM_TEXTURE_GROUP,TRUE
glass*_d,diffuse,4096x4096,TC_DEFAULT,Glass,TMGS_FROM_TEXTURE_GROUP,TRUE
glass*_n,normal,4096x4096,TC_NORMALMAP,Glass,TMGS_FROM_TEXTURE_GROUP,FALSE
glass*_rain_m,colormask,,TC_ALPHA,MinorPart,,FALSE
glass*_m,colormask,4096x4096,TC_ALPHA,MinorPart,TMGS_NO_MIPMAPS,FALSE
glassdecal*,colormask,4096x4096,TC_MASKS,MinorPart,TMGS_FROM_TEXTURE_GROUP,FALSE
lights*_d,diffuse,4096x4096,TC_DEFAULT,MinorPart,TMGS_FROM_TEXTURE_GROUP,TRUE
lights*_l,colormask,4096x4096,TC_MASKS,MinorPart,TMGS_FROM_TEXTURE_GROUP,FALSE
lights*_n,normal,4096x4096,TC_NORMALMAP,MinorPart,TMGS_FROM_TEXTURE_GROUP,FALSE
lights_inc*,colormask,4096x4096,TC_MASKS,VehicleMask,TMGS_FROM_TEXTURE_GROUP,FALSE
brake*_d,diffuse,4096x4096,TC_DEFAULT,MinorPart,TMGS_FROM_TEXTURE_GROUP,TRUE
brake*_l,colormask,4096x4096,TC_MASKS,MinorPart,TMGS_FROM_TEXTURE_GROUP,FALSE
brake*_n,normal,4096x4096,TC_NORMALMAP,MinorPart,TMGS_FROM_TEXTURE_GROUP,FALSE
gear*_d,diffuse,4096x4096,TC_DEFAULT,MinorPart,TMGS_FROM_TEXTURE_GROUP,TRUE
gear*_l,colormask,4096x4096,TC_MASKS,MinorPart,TMGS_FROM_TEXTURE_GROUP,FALSE
gear*_n,normal,4096x4096,TC_NORMALMAP,MinorPart,TMGS_FROM_TEXTURE_GROUP,FALSE
rim*_d,diffuse,4096x4096,TC_DEFAULT,CustomPart,TMGS_FROM_TEXTURE_GROUP,TRUE
rim*_l,colormask,4096x4096,TC_MASKS,CustomPart,TMGS_FROM_TEXTURE_GROUP,FALSE
rim*_n,normal,4096x4096,TC_NORMALMAP,CustomPart,TMGS_FROM_TEXTURE_GROUP,FALSE
rim*_mask,colormask,4096x4096,TC_MASKS,VehicleMask,TMGS_FROM_TEXTURE_GROUP,FALSE
rim*_clearcoat_mask,colormask,4096x4096,TC_MASKS,VehicleMask,TMGS_FROM_TEXTURE_GROUP,FALSE
exmanifold*_d,diffuse,4096x4096,TC_DEFAULT,CustomPart,TMGS_FROM_TEXTURE_GROUP,TRUE
exmanifold*_l,colormask,4096x4096,TC_MASKS,CustomPart,TMGS_FROM_TEXTURE_GROUP,FALSE
exmanifold*_n,normal,4096x4096,TC_NORMALMAP,CustomPart,TMGS_FROM_TEXTURE_GROUP,FALSE
exmanifold*_clearcoat_mask,colormask,4096x4096,TC_MASKS,VehicleMask,TMGS_FROM_TEXTURE_GROUP,FALSE
muffler*_d,diffuse,4096x4096,TC_DEFAULT,CustomPart,TMGS_FROM_TEXTURE_GROUP,TRUE
muffler*_l,colormask,4096x4096,TC_MASKS,CustomPart,TMGS_FROM_TEXTURE_GROUP,FALSE
muffler*_n,normal,4096x4096,TC_NORMALMAP,CustomPart,TMGS_FROM_TEXTURE_GROUP,FALSE
muffler*_clearcoat_mask,colormask,4096x4096,TC_MASKS,VehicleMask,TMGS_FROM_TEXTURE_GROUP,FALSE
handguard*_*_d,diffuse,,TC_DEFAULT,MinorPart,,TRUE
handguard*_*_l,colormask,,TC_MASKS,MinorPart,,FALSE
handguard*_n,normal,,TC_NORMALMAP,MinorPart,,FALSE
barpad*_*_d,diffuse,,TC_DEFAULT,MinorPart,,
barpad*_*_l,colormask,,TC_MASKS,MinorPart,,
barpad*_n,normal,,TC_NORMALMAP,MinorPart,,
fronttyre*_d,,,,,,
fronttyre*_blur_d,,,,,,
fronttyre*_l,,,,,,
fronttyre*_blur_l,,,,,,
fronttyre*_n,,,,,,
fronttyre*_blur_n,,,,,,
backtyre*_d,,,,,,
backtyre*_blur_d,,,,,,
backtyre*_l,,,,,,
backtyre*_blur_l,,,,,,
backtyre*_n,,,,,,
backtyre*_blur_n,,,,,,
,,,,,,
,,,,,,
,,,,,,
,,,,,,
,,,,,,
,,,,,,
,,,,,,
preset_enduro*_d,diffuse,,TC_DEFAULT,CustomPart,TMGS_FROM_TEXTURE_GROUP,TRUE
preset_enduro*_l,colormask,,TC_MASKS,CustomPart,,FALSE
preset_enduro*_n,normal,,TC_NORMALMAP,CustomPart,,FALSE
